first_name,last_name,company_name,address,city,county,state,zip,mobile_number,email,web
James,Butt,"Benton, John B Jr",6649 N Blue Gum St,New Orleans,Orleans,LA,70116,504-621-8927,jbutt@gmail.com,http://www.bentonjohnbjr.com
Josephine,Darakjy,"Chanay, Jeffrey A Esq",4 B Blue Ridge Blvd,Brighton,Livingston,MI,48116,810-292-9388,josephine_darakjy@darakjy.org,http://www.chanayjeffreyaesq.com
Art,Venere,"Chemel, James L Cpa",8 W Cerritos Ave #54,Bridgeport,Gloucester,NJ,8014,856-636-8749,art@venere.org,http://www.chemeljameslcpa.com
Lenna,Paprocki,Feltz Printing Service,639 Main St,Anchorage,Anchorage,AK,99501,907-385-4412,lpaprocki@hotmail.com,http://www.feltzprintingservice.com
Donette,Foller,Printing Dimensions,34 Center St,Hamilton,Butler,OH,45011,513-570-1893,donette.foller@cox.net,http://www.printingdimensions.com
Simona,Morasca,"Chapman, Ross E Esq",3 Mcauley Dr,Ashland,Ashland,OH,44805,419-503-2484,simona@morasca.com,http://www.chapmanrosseesq.com
Mitsue,Tollner,Morlong Associates,7 Eads St,Chicago,Cook,IL,60632,773-573-6914,mitsue_tollner@yahoo.com,http://www.morlongassociates.com
Leota,Dilliard,Commercial Press,7 W Jackson Blvd,San Jose,Santa Clara,CA,95111,408-752-3500,leota@hotmail.com,http://www.commercialpress.com
Sage,Wieser,Truhlar And Truhlar Attys,5 Boston Ave #88,Sioux Falls,Minnehaha,SD,57105,605-414-2147,sage_wieser@cox.net,http://www.truhlarandtruhlarattys.com
Kris,Marrier,"King, Christopher A Esq",228 Runamuck Pl #2808,Baltimore,Baltimore City,MD,21224,410-655-8723,kris@gmail.com,http://www.kingchristopheraesq.com
Minna,Amigon,"Dorl, James J Esq",2371 Jerrold Ave,Kulpsville,Montgomery,PA,19443,215-874-1229,minna_amigon@yahoo.com,http://www.dorljamesjesq.com
Abel,Maclead,Rangoni Of Florence,37275 St   Rt 17m M,Middle Island,Suffolk,NY,11953,631-335-3414,amaclead@gmail.com,http://www.rangoniofflorence.com
Kiley,Caldarera,Feiner Bros,25 E 75th St #69,Los Angeles,Los Angeles,CA,90034,310-498-5651,kiley.caldarera@aol.com,http://www.feinerbros.com
Graciela,Ruta,Buckley Miller & Wright,98 Connecticut Ave Nw,Chagrin Falls,Geauga,OH,44023,440-780-8425,gruta@cox.net,http://www.buckleymillerwright.com
Cammy,Albares,"Rousseaux, Michael Esq",56 E Morehead St,Laredo,Webb,TX,78045,956-537-6195,calbares@gmail.com,http://www.rousseauxmichaelesq.com
Mattie,Poquette,Century Communications,73 State Road 434 E,Phoenix,Maricopa,AZ,85013,602-277-4385,mattie@aol.com,http://www.centurycommunications.com
Meaghan,Garufi,"Bolton, Wilbur Esq",69734 E Carrillo St,Mc Minnville,Warren,TN,37110,931-313-9635,meaghan@hotmail.com,http://www.boltonwilburesq.com
Gladys,Rim,T M Byxbee Company Pc,322 New Horizon Blvd,Milwaukee,Milwaukee,WI,53207,414-661-9598,gladys.rim@rim.org,http://www.tmbyxbeecompanypc.com
Abel,Maclead,Farmers Insurance Group,1 State Route 27,Taylor,Wayne,MI,48180,631-335-3414,yuki_whobrey@aol.com,http://www.farmersinsurancegroup.com
Fletcher,Flosi,Post Box Services Plus,394 Manchester Blvd,Rockford,Winnebago,IL,61109,815-828-2147,fletcher.flosi@yahoo.com,http://www.postboxservicesplus.com
Bette,Nicka,Sport En Art,6 S 33rd St,Aston,Delaware,PA,19014,610-545-3615,bette_nicka@cox.net,http://www.sportenart.com
Veronika,Inouye,C 4 Network Inc,6 Greenleaf Ave,San Jose,Santa Clara,CA,95111,408-540-1785,vinouye@aol.com,http://www.cnetworkinc.com
Willard,Kolmetz,"Ingalls, Donald R Esq",618 W Yakima Ave,Irving,Dallas,TX,75062,972-303-9197,willard@hotmail.com,http://www.ingallsdonaldresq.com
Maryann,Royster,"Franklin, Peter L Esq",74 S Westgate St,Albany,Albany,NY,12204,518-966-7987,mroyster@royster.com,http://www.franklinpeterlesq.com
Alisha,Slusarski,Wtlz Power 107 Fm,3273 State St,Middlesex,Middlesex,NJ,8846,732-658-3154,alisha@slusarski.com,http://www.wtlzpowerfm.com
Allene,Iturbide,"Ledecky, David Esq",1 Central Ave,Stevens Point,Portage,WI,54481,715-662-6764,allene_iturbide@cox.net,http://www.ledeckydavidesq.com
Chanel,Caudy,Professional Image Inc,86 Nw 66th St #8673,Shawnee,Johnson,KS,66218,913-388-2079,chanel.caudy@caudy.org,http://www.professionalimageinc.com
